<?xml version='1.0' encoding='UTF-8'?>
<cartridge region="NTSC">
	<rom>
		<map mode='shadow' size='0x100000' address='00-0f:8000-ffff'/>
		<map mode='shadow' size='0x100000' address='80-bf:8000-ffff'/>
		<map mode='linear' size='0x100000' address='c0-cf:0000-ffff'/>
		<map mode='linear' offset='0x600000' address='40-4f:0000-ffff'/>
	</rom>
	<spc7110>
		<ram size='0x2000'>
			<map mode='linear' address='00:6000-7fff'/>
			<map mode='linear' address='30:6000-7fff'/>
		</ram>
		<mmio>
			<map address='00-3f:4800-483f'/>
			<map address='80-bf:4800-483f'/>
		</mmio>
		<mcu offset='0x100000'>
			<map address='d0-ff:0000-ffff' offset='0x100000' size='0x500000'/>
		</mcu>
		<dcu>
			<map address='50:0000-ffff'/>
		</dcu>
		<rtc>
			<map address='00-3f:4840-4842'/>
			<map address='80-bf:4840-4842'/>
		</rtc>
	</spc7110>
</cartridge>
